{
  "version": "14.13",
  "loadlist": [
    {
      "name": "LocalSkin",
      "type": "Legacy",
      "checkPNG": false,
      "skin": "LocalSkin/skins/{USERNAME}.png",
      "model": "auto",
      "cape": "LocalSkin/capes/{USERNAME}.png",
      "elytra": "LocalSkin/elytras/{USERNAME}.png"
    },
    {
      "name": "Mojang",
      "type": "MojangAPI"
    },
    {
      "name": "LittleSkin",
      "type": "CustomSkinAPI",
      "root": "https://littlesk.in/csl/"
    },
    {
      "name": "BlessingSkin",
      "type": "CustomSkinAPI",
      "root": "http://skin.prinzeugen.net/"
    },
    {
      "name": "ElyBy",
      "type": "ElyByAPI"
    },
    {
      "name": "SkinMe",
      "type": "UniSkinAPI",
      "root": "http://www.skinme.cc/uniskin/"
    },
    {
      "name": "GlitchlessGames",
      "type": "GlitchlessAPI",
      "root": "https://games.glitchless.ru/api/minecraft/users/profiles/textures/?nickname\u003d"
    }
  ],
  "enableDynamicSkull": true,
  "enableTransparentSkin": true,
  "forceIgnoreHttpsCertificate": false,
  "forceLoadAllTextures": false,
  "enableCape": true,
  "threadPoolSize": 3,
  "retryTime": 1,
  "cacheExpiry": 30,
  "forceUpdateSkull": false,
  "enableLocalProfileCache": false,
  "enableCacheAutoClean": false,
  "forceDisableCache": false
}
